,mean_fit_time,std_fit_time,mean_score_time,std_score_time,param_C,params,split0_test_score,split1_test_score,split2_test_score,split3_test_score,split4_test_score,mean_test_score,std_test_score,rank_test_score,split0_train_score,split1_train_score,split2_train_score,split3_train_score,split4_train_score,mean_train_score,std_train_score
0,50.04528102874756,1.0695042366466896,9.602150392532348,0.3949802668291452,0.1,{'C': 0.1},0.7148231753197893,0.6960120391271633,0.7251506024096386,0.7322239031770046,0.7229371688115064,0.7182078744908734,0.012424014977671226,3,0.7362264150943396,0.7413207547169811,0.7357102433503112,0.727152817034106,0.7319140919366993,0.7344648644264875,0.004725034147129377
1,25.33171944618225,0.29802623692192554,6.659693193435669,0.4562416044292862,1,{'C': 1},0.8675696012039127,0.8750940556809631,0.8682228915662651,0.8986384266263238,0.8750946252838758,0.8769045104842359,0.011317288909512956,2,0.9247169811320755,0.9239622641509434,0.9279381248820977,0.9195402298850575,0.9257724189902035,0.9243860038080756,0.002768043980170034
2,18.74632363319397,0.30463606793046616,5.763692617416382,0.06681499079176974,10,{'C': 10},0.9164785553047404,0.909706546275395,0.8923192771084337,0.9258698940998488,0.9015897047691143,0.9091869060190074,0.011606800167191008,1,0.9937735849056604,0.9943396226415094,0.9943406904357668,0.9937817976257772,0.9945365486058779,0.9941544488429184,0.000315880282317699
